"","Brand","Distributor","LinkofProduct","Name","Price","SKU","Price_1","Price_2","Category"
"1","HP","""7158"";","https://www.senheng.com.my/hp-notebook-14s-cf2039tx-14s-cf2038tx-14-inch-4gb-512gb-ssd-i5-10210u-amd-radeon-530-graphics.html","HP Notebook 14s-cf2039tx / 14s-cf2038tx 14 Inch (4GB/512GB SSD/i5-10210U/AMD Radeon™ 530 Graphics)","RM 2,169.00","HP-14CF-CFG",2169,2169,"Laptops"
"2","Apple","""7158"";","https://www.senheng.com.my/apple-16-inch-macbook-pro.html","Apple 16-inch MacBook Pro","RM10,499.00","APP-MBP16-2020-CFG",10499,10499,"Laptops"
"3","MSI","""7158"";","https://www.senheng.com.my/msi-23-6-inch-optix-g241vc-msi-g241vc.html","MSI 23.6 Inch Optix G241VC MSI-G241VC","RM649.00","MSI-G241VC",649,649,"Laptops"
"4","MSI","""7158"";","https://www.senheng.com.my/msi-14-prestige-14-inch-i5-10210u-512gb-nvme-pcie-ssd-ddr-iv-16gb-2666mhz-mx330-2gb-gddr5-msi-p14-a10ras-223my.html","MSI 14 Prestige 14 Inch (I5-10210U/512GB NVMe PCIe SSD/DDR IV 16GB 2666MHz/MX330, 2GB GDDR5) MSI-P14-A10RAS-223MY","RM4,299.00","MSI-P14-A10RAS-223MY",4299,4299,"Laptops"
"5","Apple","""7158"";","https://www.senheng.com.my/apple-macbook-air-m1-chip-2020.html","Apple MacBook Air (M1 chip, 2020)","RM4,399.00","APP-MACBOOKAIR-M1-2020-CFG",4399,4399,"Laptops"
"6","Apple","""7158"";","https://www.senheng.com.my/apple-13-inch-macbook-pro-m1-chip-2020.html","Apple MacBook Pro (13-inch, M1 chip, 2020)","RM5,599.00","APP-MACBOOKPRO-M1-2020-CFG",5599,5599,"Laptops"
"7","MSI","""7158"";","https://www.senheng.com.my/msi-mpg-artymis-343cqr-34-inch-monitor-msi-mpg343cqr.html","MSI MPG ARTYMIS 343CQR 34 Inch Monitor MSI-MPG343CQR","RM3,999.00","MSI-MPG343CQR",3999,3999,"Monitors"
"8","MSI","""7158"";","https://www.senheng.com.my/msi-mpg-trident-as-10th-msi-mpgtrident-as60.html","MSI MPG Trident AS 10th MSI-MPGTRIDENT-AS60","RM7,499.00","MSI-MPGTRIDENT-AS60",7499,7499,"Laptops"
"9","MSI","""7158"";","https://www.senheng.com.my/msi-mpg-trident-as-10th-msi-mpgtrident-as70.html","MSI MPG Trident AS 10th MSI-MPGTRIDENT-AS70","RM8,999.00","MSI-MPGTRIDENT-AS70",8999,8999,"Laptops"
"10","MSI","""7158"";","https://www.senheng.com.my/msi-optix-g27cq4-27-inch-monitor-msi-g27cq4.html","MSI Optix G27CQ4 27 Inch Monitor MSI-G27CQ4","RM1,638.00","MSI-G27CQ4",1638,1638,"Monitors"
"11","Apple","""7158"";","https://www.senheng.com.my/apple-magic-keyboard-for-ipad-pro-12.9%E2%80%91inch-4th-generation.html","Apple Magic Keyboard for iPad Pro 12.9‑inch (4th generation)","RM1,549.00","APP-MXQU2ZA/A",1549,1549,"PC Accessories"
"12","Microsoft","""7158"";","https://www.senheng.com.my/microsoft-surface-pro-7.html","Microsoft Surface Pro 7","RM3,899.00","MS-SUR-PRO7-CFG",3899,3899,"Laptops"
"13","TP-Link","""7158"";","https://www.senheng.com.my/tp-link-ax3000-whole-home-mesh-wi-fi-6-system-deco-x60-2-pack.html","TP-Link AX3000 Whole Home Mesh Wi-Fi 6 System Deco X60(2-pack)","RM1,199.00","TP-DECOX60.2PK",1199,1199,"PC Accessories"
"14","TP-Link","""7158"";","https://www.senheng.com.my/tp-link-ac1200-wireless-dual-band-4g-lte-router-archer-mr400.html","TP-Link AC1200 Wireless Dual Band 4G LTE Router Archer MR400","RM429.00","TP-ARCHERMR400",429,429,"PC Accessories"
"15","MSI","""7158"";","https://www.senheng.com.my/msi-modern-14-14-inch-laptop-i5-10210u-512gb-nvme-pcie-gen3x4-ssd-m14-b10rbs-408my.html","MSI Modern 14 14-Inch Laptop (I5-10210U/512GB NVMe PCIe Gen3x4 SSD) M14-B10RBS-408MY","RM3,399.00","MSI-M14-B10RBS-408MY",3399,3399,"Laptops"
"16","Acer","""7158"";","https://www.senheng.com.my/acer-aspire-5-15.6-inch-laptop-i5-1135g7-8gb-onboard-ddr4-512g-pcie-ssd-a515-56-51gf.html","Acer Aspire 5 15.6 Inch Laptop (i5-1135G7 /8GB OnBoard DDR4 /512G PCIe SSD) A515-56-51GF","RM3,149.00 3,199.00","ACE-A515-56-51GF",3149,3199,"Laptops"
"17","Microsoft","""7158"";","https://www.senheng.com.my/microsoft-surface-mini-display-port-hdmi-adapter.html","Microsoft Surface Mini Display Port HDMI Adapter","RM175.00","MS-MIC-EJT-00002",175,175,"Laptops"
"18","Huawei","""7158"";","https://www.senheng.com.my/huawei-15.6-inches-matebook-d15-i5---11th-gen-hua-mbookd1511th-i5.html","HUAWEI MateBook D15 i5 (11th Gen) - Mytic Silver","RM3,899.00","PAC-MBOOKD1511-I5-GF",3899,3899,"Laptops"
"19","xiaomi","""7158"";","https://www.senheng.com.my/xiaomi-mi-portable-mouse.html","Xiaomi Mi Portable Mouse","RM76.00","XMI-MOS-CFG",76,76,"PC Accessories"
"20","TP-Link","""7158"";","https://www.senheng.com.my/tp-link-ax1500-wi-fi-6-router-archer-ax10.html","TP-Link AX1500 Wi-Fi 6 Router Archer AX10","RM259.00","TP-ARCHERAX10",259,259,"PC Accessories"
"21","TP-Link","""7158"";","https://www.senheng.com.my/tp-link-300mbps-wi-fi-range-extender-with-ac-passthrough-tl-wa860re.html","TP-Link 300Mbps Wi-Fi Range Extender with AC Passthrough TL-WA860RE","RM99.00","TP-TL-WA860RE",99,99,"PC Accessories"
"22","Apple","""7158"";","https://www.senheng.com.my/apple-magic-trackpad-2-space-grey.html","Apple Magic Trackpad 2-Space Grey","RM579.00","APP-MRMF2ZA/A",579,579,"PC Accessories"
"23","Microsoft","""7158"";","https://www.senheng.com.my/microsoft-wireless-mobile-mouse-1850-wool-blue-ms-mic-u7z-00015.html","Microsoft Wireless Mobile Mouse 1850 (Wool Blue) MS-MIC-U7Z-00015","RM57.00","MS-MIC-U7Z-00015",57,57,"PC Accessories"
"24","Acer","""7158"";","https://www.senheng.com.my/acer-15-6-inch-predator-helios-300-ace-ph315-53-791w.html","Acer 15.6 Inch Predator Helios 300 ACE-PH315-53-791W","RM5,749.00 5,799.00","ACE-PH315-53-791W",5749,5799,"Laptops"
"25","Apple","""7158"";","https://www.senheng.com.my/apple-smart-keyboard-for-ipad-7th-generation-and-ipad-air-3rd-generation-us-english.html","Apple Smart Keyboard for iPad (7th generation) and iPad Air (3rd generation) - US English","RM649.00","APP-MX3L2ZA/A",649,649,"PC Accessories"
"26","TP-Link","""7158"";","https://www.senheng.com.my/tp-link-ac1300-whole-home-mesh-wi-fi-system-deco-m5-2-pack.html","TP-Link AC1300 Whole Home Mesh Wi-Fi System Deco M5(2-pack)","RM539.00","TP-DECO-M5.2PK",539,539,"PC Accessories"
"27","TP-Link","""7158"";","https://www.senheng.com.my/tp-link-ac1300-wireless-dual-band-pci-express-wifi-adapter-archer-t6e.html","TP-Link AC1300 Wireless Dual Band PCI Express WiFi Adapter Archer T6E","RM129.00","TP-ARCHERT6E",129,129,"PC Accessories"
"28","Acer","""7158"";","https://www.senheng.com.my/acer-swift-5-14-inch-laptop-i5-1135g7-8gb-lpddr4x-512gb-pcie-ssd-sf514-55ta-55mw.html","Acer Swift 5 14 Inch Laptop (i5-1135G7/8GB LPDDR4X/512GB PCIe SSD) SF514-55TA-55MW","RM3,974.00 3,999.00","ACE-SF514-55TA-55MW",3974,3999,"Laptops"
"29","Microsoft","""7158"";","https://www.senheng.com.my/microsoft-wired-desktop-600-black.html","Microsoft Wired Desktop 600-Black","RM82.00","MS-MIC-APB-00018",82,82,"Others"
"30","Microsoft","""7158"";","https://www.senheng.com.my/microsoft-sculpt-comfort-desktop-ms-mic-l3v-00027.html","Microsoft Sculpt Comfort Desktop MS-MIC-L3V-00027","RM328.00","MS-MIC-L3V-00027",328,328,"Others"
"31","Promate","""7158"";","https://www.senheng.com.my/promate-laptop-cooling-pad-air-base-2.html","Promate Laptop Cooling Pad Air Base-2","RM159.00","PRO-6959144032009",159,159,"Laptops"
"32","Microsoft","""7158"";","https://www.senheng.com.my/microsoft-surface-go-2-platinum.html","Microsoft Surface Go 2 - Platinum","RM1,955.00","MS-MIC-GO2-CFG",1955,1955,"Laptops"
"33","TP-Link","""7158"";","https://www.senheng.com.my/tp-link-ac1300-wireless-dual-band-usb-adapter-archer-t4u.html","TP-Link AC1300 Wireless Dual Band USB Adapter Archer T4U","RM86.00","TP-ARCHERT4U",86,86,"PC Accessories"
"34","MSI","""7158"";","https://www.senheng.com.my/msi-thunderstorm-aluminum-gaming-mousepad.html","MSI Thunderstorm Aluminum Gaming Mousepad","RM155.00","MSI-THUNDER.ALUM",155,155,"PC Accessories"
"35","TP-Link","""7158"";","https://www.senheng.com.my/tp-link-ac1200-whole-home-mesh-wi-fi-system-deco-m4-v1-2-pack.html","TP-Link AC1200 Whole Home Mesh Wi-Fi System Deco M4 V1 (2-pack)","RM399.00","TP-DECO-M4.2PK",399,399,"PC Accessories"
"36","TP-Link","""7158"";","https://www.senheng.com.my/tp-link-ac600-nano-wireless-usb-adapter-archer-t2u-nano.html","TP-Link AC600 Nano Wireless USB Adapter Archer T2U Nano","RM69.00","TP-ARCHERT2UNANO",69,69,"PC Accessories"
"37","Microsoft","""7158"";","https://www.senheng.com.my/microsoft-comfort-mouse-4500.html","Microsoft Comfort Mouse 4500","RM102.00","MS-MIC-4FD-00027",102,102,"PC Accessories"
"38","Microsoft","""7158"";","https://www.senheng.com.my/microsoft-surface-pro-x-keyboard-slim-pen-black-mic-qsw-00015.html","Microsoft Surface Pro X Keyboard + Slim Pen Black MIC-QSW-00015","RM1,219.00","MS-MIC-QSW-00015",1219,1219,"Laptops"
"39","MSI","""7158"";","https://www.senheng.com.my/msi-gf63-thin-15-6-inch-i5-10300h-8gb-512gb-ssd-gtx1650ti-4g-msi-gf63-9scxr-649my.html","MSI GF63 Thin 15.6 Inch (i5-9300H/4GB/512GB SSD/GTX1650 Max Q, 4G) MSI-GF63-9SCXR-649","RM3,199.00","MSI-GF63-9SCXR-649MY",3199,3199,"Others"
"40","TP-Link","""7158"";","https://www.senheng.com.my/tp-link%20ac1600%20wlan%20telephony%20dsl%20router%20archer%20vr600v.html","TP-Link AC1600 WLAN Telephony DSL Router Archer VR600v","RM339.00","TP-ARCHERVR600V",339,339,"PC Accessories"
"41","Microsoft","""7158"";","https://www.senheng.com.my/microsoft-arc-mouse-bluetooth.html","Microsoft Arc Mouse Bluetooth","RM339.00","MS-AMOUSE-CFG",339,339,"PC Accessories"
"42","Apple","""7158"";","https://www.senheng.com.my/apple-magic-keyboard-with-numeric-keypad.html","Apple Magic Keyboard with Numeric Keypad","RM489.00","APP-MQ052ZA/A",489,489,"PC Accessories"
"43","Huawei","""7158"";","https://www.senheng.com.my/huawei-m-pen-lite-stylus-pen-grey.html","HUAWEI M-Pen lite Stylus Pen - Grey","RM169.00","HUA-MPEN.LITE",169,169,"PC Accessories"
"44","TP-Link","""7158"";","https://www.senheng.com.my/tp-link-ac2200-smart-home-mesh-wi-fi-system-decom9-plus-3-pack.html","TP-Link AC2200 Smart Home Mesh Wi-Fi System DecoM9 Plus(3-pack)","RM1,359.00","TP-DECO-M9PLUS.3PK",1359,1359,"PC Accessories"
"45","TP-Link","""7158"";","https://www.senheng.com.my/tp-link-300-mbps-wireless-n-4g-lte-router-tl-mr100.html","TP-Link 300 Mbps Wireless N 4G LTE Router TL-MR100","RM259.00","TP-TL-MR100",259,259,"PC Accessories"
"46","ASUS","""7158"";","https://www.senheng.com.my/asus-rog-strix-g15-17-15-6-inch-g512li-i5-10300h-8gb-512gb-ssd-gtx1650ti-4g-asu-g512l-ial008t.html","ASUS ROG Strix G15 15.6 Inch G512LI (i5-10300H/8GB/512GB SSD/GTX1650TI 4G) ASU-G512L-IAL008T","RM4,099.00","ASU-G512L-IAL008T",4099,4099,"Others"
"47","MSI","""7158"";","https://www.senheng.com.my/msi-modern-15-15.6-inch-laptop-i7-10510u-512gb-nvme-pcie-gen3x4-ssd-msi-m15-a10rbs-469my.html","MSI Modern 15 15.6-Inch Laptop (I7-10510U/512GB NVMe PCIe Gen3x4 SSD) MSI-M15-A10RBS-469MY","RM3,899.00","MSI-M15-A10RBS-469MY",3899,3899,"Laptops"
"48","Microsoft","""7158"";","https://www.senheng.com.my/microsoft-surface-laptop-3.html","Microsoft Surface Laptop 3","RM4,039.00","MS-SUR-LPT3-CFG",4039,4039,"Laptops"
"49","TP-Link","""7158"";","https://www.senheng.com.my/tp-link-ax1800-whole-home-mesh-wi-fi-6-system-deco-x20-2-pack.html","TP-Link AX1800 Whole Home Mesh Wi-Fi 6 System Deco X20(2-pack)","RM799.00","TP-DECOX20.2PK",799,799,"PC Accessories"
"50","TP-Link","""7158"";","https://www.senheng.com.my/tp-link-ac750-wireless-dual-band-4g-lte-router-archer-mr200.html","TP-Link AC750 Wireless Dual Band 4G LTE Router Archer MR200","RM389.00","TP-ARCHERMR200",389,389,"PC Accessories"
"51","Apple","""7158"";","https://www.senheng.com.my/apple-magic-keyboard-for-ipad-air-4th-generation-and-ipad-pro-11-inch-2nd-generation.html","Apple Magic Keyboard for iPad Air (4th generation) and iPad Pro 11-inch (2nd generation)","RM1,349.00","APP-MXQT2ZA/A",1349,1349,"PC Accessories"
"52","HP","""7158"";","https://www.senheng.com.my/hp-envy-laptop-15-ep0010tx.html","HP ENVY Laptop - 15-ep0010tx","RM6,999.00","HP-15EP0010TX",6999,6999,"Laptops"
"53","MSI","""7158"";","https://www.senheng.com.my/msi-32-inch-optix-mag322cqr.html","MSI 32 Inch Optix MAG322CQR Curved Gaming Monitor","RM2,249.00","MSI-MAG322CQR",2249,2249,"Monitors"
"54","TP-Link","""7158"";","https://www.senheng.com.my/tp-link-300mbps-lte-advanced-mobile-wi-fi-m7450.html","TP-Link 300Mbps LTE-Advanced Mobile Wi-Fi M7450","RM439.00","TP-M7450",439,439,"PC Accessories"
"55","ASUS","""7158"";","https://www.senheng.com.my/asus-zenbook14-14-inch-i5-1135g7-8g-on-bd-512g-asu-ux425e-abm067ts.html","ASUS Zenbook14 14 Inch (I5-1135G7/8G[ON BD]/512G) ASU-UX425E-ABM067TS","RM3,999.00","ASU-UX425E-ABM067TS",3999,3999,"Laptops"
"56","Microsoft","""7158"";","https://www.senheng.com.my/microsoft-surface-usb-3-0-adapter-ms-mic-jty-00007.html","Microsoft Surface USB 3.0 Adapter MS-MIC-JTY-00007","RM158.00","MS-MIC-JTY-00007",158,158,"Laptops"
"57","TP-Link","""7158"";","https://www.senheng.com.my/tp-link-ac1200-whole-home-mesh-wi-fi-system-deco-e4(2-pack).html","TP-Link AC1200 Whole Home Mesh Wi-Fi System Deco E4(2-Pack)","RM299.00","TP-DECOE4.2PK",299,299,"PC Accessories"
"58","TP-Link","""7158"";","https://www.senheng.com.my/tp-link-ac1200-wireless-dual-band-pci-express-adapter-archer-t4e.html","TP-Link AC1200 Wireless Dual Band PCI Express Adapter Archer T4E","RM115.00","TP-ARCHERT4E",115,115,"PC Accessories"
"59","Microsoft","""7158"";","https://www.senheng.com.my/microsoft-surface-book-3.html","Microsoft Surface Book 3","RM7,788.00","MS-MIC-BOOK3-CFG",7788,7788,"Laptops"
"60","MSI","""7158"";","https://www.senheng.com.my/msi-23-6-inch-g-series-monitor-optix-g24c4.html","MSI 23.6 Inch G Series Monitor Optix G24C4","RM858.00","MSI-G24C4",858,858,"Monitors"
"61","TP-Link","""7158"";","https://www.senheng.com.my/tp-link-ac600-high-gain-wireless-dual-band-usb-adapter-archer-t2u-plus.html","TP-Link AC600 High Gain Wireless Dual Band USB Adapter Archer T2U Plus","RM75.00","TP-ARCHERT2UPLUS",75,75,"PC Accessories"
"62","Microsoft","""7158"";","https://www.senheng.com.my/microsoft-usb-c-travel-hub-black.html","Microsoft USB-C Travel Hub-Black","RM445.00","MS-MIC-SWV-00005",445,445,"Others"
"63","Microsoft","""7158"";","https://www.senheng.com.my/microsoft-sculpt-comfort-mouse-ms-mic-h3s-00005.html","Microsoft Sculpt Comfort Mouse MS-MIC-H3S-00005","RM164.00","MS-MIC-H3S-00005",164,164,"PC Accessories"
"64","TP-Link","""7158"";","https://www.senheng.com.my/tp-link-deco-m5(3-pack)-ac1300-whole-home-mesh-wi-fi-system.html","TP-Link Deco M5(3-pack)","RM799.00","TP-DECO-M5.3PK",799,799,"Others"
"65","TP-Link","""7158"";","https://www.senheng.com.my/tp-link-300mbps-mini-wireless-n-usb-adapter-tl-wn823n.html","TP-Link 300Mbps Mini Wireless N USB Adapter TL-WN823N","RM36.00","TP-TL-WN823N",36,36,"PC Accessories"
"66","HP","""7158"";","https://www.senheng.com.my/hp-envy-x360-laptop-13-3-inch-8gb-ram-512gb-ssd-amd-r5-4500u.html","HP ENVY x360 Laptop 13.3 Inch (8GB RAM/512GB SSD/AMD R5-4500U)","RM3,699.00","HP-13AY0043AU",3699,3699,"Laptops"
"67","TP-Link","""7158"";","https://www.senheng.com.my/tp-link%20ac1200%20wireless%20vdsl/adsl%20modem%20router%20archer%20vr400%20v2.html","TP-Link AC1200 Wireless VDSL/ADSL Modem Router Archer VR400 V2","RM269.00","TP-ARCHERVR400",269,269,"PC Accessories"
"68","Acer","""7158"";","https://www.senheng.com.my/acer-aspire-3-14-inch-ace-a314-22-r2dq-ryzen-3-4gb-ram-512gb-ssd.html","Acer Aspire 3 14 Inch ACE-A314-22-R2DQ (Ryzen 3/4GB RAM/512GB SSD)","RM2,149.00 2,199.00","ACE-A314-22-R2DQ",2149,2199,"Laptops"
"69","Microsoft","""7158"";","https://www.senheng.com.my/microsoft-designer-bluetooth-desktop.html","Microsoft Designer Bluetooth Desktop","RM409.00","MS-MIC-7N9-00028",409,409,"Others"
"70","MSI","""7158"";","https://www.senheng.com.my/msi-gm70-wired-wireless-usb-rgb-adjustable-dpi-optical-mouse.html","MSI GM70 Wired/Wireless USB RGB Adjustable DPI Optical Mouse","RM589.00","MSI-GM70",589,589,"PC Accessories"
"71","Apple","""7158"";","https://www.senheng.com.my/apple-magic-keyboard.html","Apple Magic Keyboard","RM379.00","APP-MLA22ZA/A",379,379,"PC Accessories"
"72","TP-Link","""7158"";","https://www.senheng.com.my/tp-link-ac2200-smart-home-mesh-wi-fi-system-deco-m9-plus-2-pack.html","TP-Link AC2200 Smart Home Mesh Wi-Fi System Deco M9 Plus(2-pack)","RM999.00","TP-DECO-M9PLUS.2PK",999,999,"PC Accessories"
"73","TP-Link","""7158"";","https://www.senheng.com.my/tp-link-300mbps-wireless-n-4g-lte-router-tl-mr6400.html","TP-Link 300Mbps Wireless N 4G LTE Router TL-MR6400","RM349.00","TP-TL-MR640APAC",349,349,"PC Accessories"
"74","Microsoft","""7158"";","https://www.senheng.com.my/microsoft-wireless-mobile-mouse-3500.html","Microsoft Wireless Mobile Mouse 3500","RM82.00","MS-GMF-CFG",82,82,"PC Accessories"
"75","Microsoft","""7158"";","https://www.senheng.com.my/microsoft-surface-laptop-go.html","Microsoft Surface Laptop Go - Platinum","RM2,758.00","MS-LAPTOPGO-CFG",2758,2758,"Laptops"
"76","TP-Link","""7158"";","https://www.senheng.com.my/tp-link-4g-lte-mobile-wi-fi-m7200.html","TP-Link 4G LTE Mobile Wi-Fi M7200","RM219.00","TP-M7200",219,219,"PC Accessories"
"77","Acer","""7158"";","https://www.senheng.com.my/acer-aspire-3-15.6-inch-laptop-a315-56-36jm-intel-core-i3-1005g1-4gb-ddr4-512gb-pcie-ssd.html","Acer Aspire 3 15.6 Inch Laptop A315-56-36JM (Intel Core i3-1005G1/4GB DDR4/512GB PCIe SSD)","RM2,299.00","ACE-A315-56-36JM",2299,2299,"Laptops"
"78","Acer","""7158"";","https://www.senheng.com.my/acer-chromebook-311-11.6-lnch-celeron-quad-core-n4120-4gb-on-bd-lpddr4-32gb-emmc-ace-c733-c8f7.html","Acer Chromebook 311 11.6 lnch (Celeron quad-core N4120/ 4GB ON BD LPDDR4/32GB eMMC) ACE-C733-C8F7","RM1,174.00 1,199.00","ACE-C733-C8F7",1174,1199,"Laptops"
"79","Microsoft","""7158"";","https://www.senheng.com.my/microsoft-surface-usb-c-to-ethernet-adapter-jwl-00007-.html","Microsoft Surface USB-C To Ethernet Adapter (JWL-00007)","RM317.00","MS-MIC-JWL-00007",317,317,"Laptops"
"80","MSI","""7158"";","https://www.senheng.com.my/msi-27-inch-optic-g27c4-msi-g27c4.html","MSI 27 Inch Optix G27C4 Curved Gaming Monitor","RM999.00","MSI-G27C4",999,999,"Monitors"
"81","TP-Link","""7158"";","https://www.senheng.com.my/tp-link-300mbps-wi-fi-range-extender-tl-wa855re.html","TP-Link 300Mbps Wi-Fi Range Extender TL-WA855RE","RM79.00","TP-TL-WA855RE",79,79,"PC Accessories"
"82","TP-Link","""7158"";","https://www.senheng.com.my/tp-link-4g-lte-mobile-wi-fi-m7350.html","TP-Link 4G LTE Mobile Wi-Fi M7350","RM249.00","TP-M7350",249,249,"PC Accessories"
"83","TP-Link","""7158"";","https://www.senheng.com.my/tp-link-ax5400-dual-band-gigabit-wi-fi-6-router-archer-ax73.html","TP-Link AX5400 Dual-Band Gigabit Wi-Fi 6 Router Archer AX73","RM399.00","TP-ARCHERAX73",399,399,"PC Accessories"
"84","Microsoft","""7158"";","https://www.senheng.com.my/microsoft-surface-usb-c-display-port-adapter-ms-mic-jvz-00007.html","Microsoft Surface USB-C Display Port Adapter MS-MIC-JVZ-00007","RM229.00","MS-MIC-JVZ-00007",229,229,"Laptops"
"85","Huawei","""7158"";","https://www.senheng.com.my/huawei-14-inches-matebook-14-11th-gen-hua-mbook14-i5.html","HUAWEI MateBook 14 (11th Gen)","RM4,899.00","PAC-MBOOK14-I5-GF",4899,4899,"Laptops"
"86","Apple","""7158"";","https://www.senheng.com.my/apple-13-inch-macbook-pro-with-touch-bar-and-four-thunderbolt-3-ports.html","Apple 13-inch MacBook Pro with Touch Bar and Four Thunderbolt 3 ports","RM7,999.00","APP-MBP13-2020-4USB-CFG",7999,7999,"Laptops"
"87","TP-Link","""7158"";","https://www.senheng.com.my/tp-link-ax3000-dual-band-gigabit-wi-fi-6-router-archer-ax50.html","TP-Link AX3000 Dual Band Gigabit Wi-Fi 6 Router Archer AX50","RM299.00","TP-ARCHERAX50",299,299,"PC Accessories"
"88","Microsoft","""7158"";","https://www.senheng.com.my/microsoft-surface-precision-wireless-mouse-grey-ms-mic-ftw-00005.html","Microsoft Surface Precision Wireless Mouse (Grey) MS-MIC-FTW-00005","RM424.00","MS-MIC-FTW-00005",424,424,"Laptops"
"89","MSI","""7158"";","https://www.senheng.com.my/msi-audio-gaming-gear-immerse-gh10.html","MSI Audio Gaming Gear Immerse GH10","RM200.00","MSI-GH10-HEADSET",200,200,"PC Accessories"
"90","TP-Link","""7158"";","https://www.senheng.com.my/tp-link-300mbps-high-gain-wireless-usb-adapter-tl-wn822n.html","Tp-Link 300Mbps High Gain Wireless USB Adapter TL-WN822N","RM53.00","TP-TL-WN822N",53,53,"PC Accessories"
"91","Logitech","""7158"";","https://www.senheng.com.my/logitech-mk240-nano-wireless-keyboard-and-mouse-combo.html","Logitech MK240 NANO Wireless Keyboard and Mouse Combo","RM99.00","LGT-MK240-CFG",99,99,"PC Accessories"
"92","HP","""7158"";","https://www.senheng.com.my/hp-slim-s01-pf1166d-desktop-pc-i5-10400-8gb-512gb-ssd.html","HP Slim S01-PF1166D Desktop PC (I5-10400/8GB/512GB SSD)","RM2,699.00","HP-S01-PF1166D",2699,2699,"Others"
"93","Microsoft","""7158"";","https://www.senheng.com.my/microsoft-sculpt-ergonomic-desktop-keyboard-ms-mic-l5v-00027.html","Microsoft Sculpt Ergonomic Desktop Keyboard MS-MIC-L5V-00027","RM529.00","MS-MIC-L5V-00027",529,529,"PC Accessories"
"94","Apple","""7158"";","https://www.senheng.com.my/apple-13-3-inch-macbook-air.html","Apple 13.3-inch MacBook Air","RM5,179.00","APP-MBA13-2020-CFG",5179,5179,"Laptops"
"95","MSI","""7158"";","https://www.senheng.com.my/msi-gaming-desktop-mpg-trident-a.html","MSI Gaming Desktop MPG Trident A","RM4,999.00","MSI-MPGTRIDENT-A",4999,4999,"Laptops"
"96","TP-Link","""7158"";","https://www.senheng.com.my/tp-link-150mbps-wireless-n-nano-usb-adapter-tl-wn725n.html","TP-Link 150Mbps Wireless N Nano USB Adapter TL-WN725N","RM24.00","TP-TL-WN725N",24,24,"PC Accessories"
"97","Microsoft",NA,"https://www.senheng.com.my/microsoft-bluetooth-desktop-black.html","Microsoft Bluetooth Desktop-Black","RM275.00","sku_1",275,275,"Others"
"98","Microsoft","""7158"";","https://www.senheng.com.my/microsoft-mouse-wireless-bluetrack-mobile-3500-gmf00006.html","Microsoft Mouse Wireless Bluetrack Mobile 3500 (GMF00006)","RM82.00","MS-MIC-GMF-00006",82,82,"PC Accessories"
"99","MSI","""7158"";","https://www.senheng.com.my/msi-clutch-gm60-rgb-gaming-optical-mouse.html","MSI Clutch GM60 RGB Gaming Optical Mouse","RM434.00","MSI-GM60",434,434,"PC Accessories"
"100","HP","""7158"";","https://www.senheng.com.my/hp-spectre-x360-convertible-13.3-inch-i7-1165g7-16gb-onboard-1tb-ssd-13aw2100tu.html","HP Spectre x360 Convertible 13.3 inch (i7-1165G7/16GB onboard/1TB SSD) 13AW2100TU","RM6,899.00","HP-13AW2100TU",6899,6899,"Laptops"
"101","TP-Link","""7158"";","https://www.senheng.com.my/tp-link%20-ac1200-whole-home-mesh-wi-fi-system-deco-e4-3-pack.html","TP-Link AC1200 Whole Home Mesh Wi-Fi System Deco E4(3-pack)","RM439.00","TP-DECOE4.3PK",439,439,"PC Accessories"
"102","Microsoft","""7158"";","https://www.senheng.com.my/microsoft-modern-mobile-mouse-bluetooth.html","Microsoft Modern Mobile Mouse (Bluetooth)","RM155.00","MS-MMMOUSE-CFG",155,155,"PC Accessories"
"103","Apple","""7158"";","https://www.senheng.com.my/apple-magic-trackpad-2-silver.html","Apple Magic Trackpad 2 - Silver","RM489.00","APP-MJ2R2ZA/A",489,489,"PC Accessories"
"104","Microsoft","""7158"";","https://www.senheng.com.my/microsoft-surface-pro-x.html","Microsoft Surface Pro X","RM4,599.00","MS-SUR-PROX-CFG",4599,4599,"Laptops"
"105","TP-Link","""7158"";","https://www.senheng.com.my/tp-link-ax3000-whole-home-mesh-wi-fi-system-deco-x60.html","TP-Link AX3000 Whole Home Mesh Wi-Fi System Deco X60","RM1,739.00","TP-DECOX60.3PK",1739,1739,"PC Accessories"
"106","TP-Link","""7158"";","https://www.senheng.com.my/tp-link-4g-lte-mobile-wi-fi-m7000.html","TP-Link 4G LTE Mobile Wi-Fi M7000","RM209.00","TP-M7000",209,209,"PC Accessories"
"107","Microsoft","""7158"";","https://www.senheng.com.my/microsoft-surface-pen.html","Microsoft Surface Pen","RM399.00","MS-MIC-CFG-PEN",399,399,"Laptops"
"108","Huawei","""7158"";","https://www.senheng.com.my/huawei-15.6-inches-matebook-d15-i5-10th-gen.html","HUAWEI MateBook D15 i5 (10th Gen) - Mytic Silver","RM3,299.00","PAC-MBOOKD15-I5-GF",3299,3299,"Laptops"
"109","TP-Link","""7158"";","https://www.senheng.com.my/tp-link%20ac1900-high-gain-wireless-dual-band-usb-adapter-archer-t9uh.html","TP-Link AC1900 High Gain Wireless Dual Band USB Adapter Archer T9UH","RM169.00","TP-ARCHERT9UH",169,169,"PC Accessories"
"110","Logitech","""7158"";","https://www.senheng.com.my/logitech-m590-multi-device-silent.html","Logitech M590 Multi-Device Silent","RM139.00","LGT-M590-CFG",139,139,"Others"
"111","Microsoft","""7158"";","https://www.senheng.com.my/microsoft-wireless-desktop-3050.html","Microsoft Wireless Desktop 3050","RM229.00","MS-MIC-PP3-00024",229,229,"Others"
"112","Microsoft","""7158"";","https://www.senheng.com.my/microsoft-modern-mobile-mouse-bluetooth-black-ms-mic-ktf-00005.html","Microsoft Modern Mobile Mouse Bluetooth (Black) MS-MIC-KTF-00005","RM155.00","MS-MIC-KTF-00005",155,155,"PC Accessories"
"113","Promate","""7158"";","https://www.senheng.com.my/promate-laptop-cooling-pad-air-base-1.html","Promate Laptop Cooling Pad Air Base-1","RM85.00","PRO-6959144031989",85,85,"Laptops"
"114","MSI","""7158"";","https://www.senheng.com.my/msi-27-inch-optix-monitor-mag272cqr.html","MSI 27 Inch Optix Monitor MAG272CQR","RM2,049.00","MSI-MAG272CQR",2049,2049,"Monitors"
"115","TP-Link","""7158"";","https://www.senheng.com.my/tp-link-ac600-wireless-dual-band-usb-adapter-archer-t2u-v3.html","TP-Link AC600 Wireless Dual Band USB Adapter Archer T2U V3","RM64.00","TP-ARCHERT2U",64,64,"PC Accessories"
"116","Huawei","""7158"";","https://www.senheng.com.my/huawei-matebook-d14-i5-8g-512g-geforce-mx250.html","HUAWEI MateBook D14 (i5/8GB/512GB/GeForce MX250) - Mystic Silver","RM3,399.00","HUA-MATEBOOKD14-I5",3399,3399,"Laptops"
"117","HP","""7158"";","https://www.senheng.com.my/hp-spectre-x360-convertible-13.3-inch-i5-1135g7-8gb-onboard-512gb-ssd-13aw2099tu.html","HP Spectre x360 Convertible 13.3 inch (i5-1135G7/8GB Onboard/512GB SSD) 13AW2099TU","RM5,699.00","HP-13AW2099TU",5699,5699,"Laptops"
"118","Huawei","""7158"";","https://www.senheng.com.my/huawei-ad80-monitor-23.8-lnch-ips-matte-hd-display.html","Huawei AD80 Monitor: 23.8 lnch IPS Matte HD Display","RM688.00","HUA-AD80-MONITOR",688,688,"Monitors"
"119","Microsoft","""7158"";","https://www.senheng.com.my/microsoft-surface-slim-pen-black-mic-llk-00015.html","Microsoft Surface Slim Pen Black MIC-LLK-00015","RM639.00","MS-MIC-LLK-00005",639,639,"Laptops"
"120","Rapoo","""7158"";","https://www.senheng.com.my/rapoo-1620-wireless-optical-mouse-rap-1620.html","Rapoo 1620 Wireless Optical Mouse RAP-1620","RM33.00","RAP-1620",33,33,"PC Accessories"
"121","MSI","""7158"";","https://www.senheng.com.my/msi-mechanical-gaming-keyboard-vigor-gk70-cherry-mx-rgb-red.html","MSI Mechanical Gaming Keyboard VIGOR GK70 Cherry MX RGB Red","RM580.00","MSI-GK70",580,580,"PC Accessories"
"122","Apple","""7158"";","https://www.senheng.com.my/magic-mouse-2.html","Magic Mouse 2","RM319.00","APP-MLA02ZA/A",319,319,"PC Accessories"
"123","Apple","""7158"";","https://www.senheng.com.my/apple-13-inch-macbook-pro-with-touch-bar-and-two-thunderbolt-3-ports.html","Apple 13-inch MacBook Pro with Touch Bar and Two Thunderbolt 3 ports","","APP-MBP13-2020-2USB-CFG",NA,NA,"Laptops"
"124","Razer","""7158"";","https://www.senheng.com.my/razer-mamba-tournament-edition-chroma-colour-lighting.html","Razer Mamba Tournament Edition - Chroma Colour Lighting","RM357.00","RAZ-RZ01-01370100",357,357,"Others"
"125","Rapoo","""7158"";","https://www.senheng.com.my/wireless-optical-mouse-m10-blue.html","Rapoo M10 Plus Wireless Optical Mouse (Blue)","RM39.00","RAP-M10+/BLUE",39,39,"PC Accessories"
"126","Apple","""7158"";","https://www.senheng.com.my/usb-c-to-usb-adapter.html","Apple USB-C to USB Adapter","RM99.00","APP-MJ1M2ZA/A",99,99,"PC Accessories"
"127","Microsoft","""7158"";","https://www.senheng.com.my/microsoft-surface-arc-mouse-cfg.html","Microsoft Surface Arc Mouse","RM339.00","MS-MIC-CZV-CFG",339,339,"Laptops"
"128","Rapoo","""7158"";","https://www.senheng.com.my/rapoo-optical-mouse-n1020-black.html","Rapoo Optical Mouse N1020 (Black)","RM19.00","RAP-N1020-BLACK",19,19,"PC Accessories"
"129","Microsoft","""7158"";","https://www.senheng.com.my/microsoft-surface-pro-signature-type-cover-cfg.html","Microsoft Surface Pro Signature Type Cover","RM639.00","MS-MIC-FFP-CFG",639,639,"Laptops"
"130","Microsoft","""7158"";","https://www.senheng.com.my/microsoft-surface-pro-type-cover-black-ms-mic-fmm-00015.html","Microsoft Surface Pro Type Cover (Black) MS-MIC-FMM-00015","RM499.00","MS-MIC-FMM-00015",499,499,"Laptops"
"131","Seagate","""7158"";","https://www.senheng.com.my/seagate-backup-plus-portable-drive-1tb-blue.html","Seagate Backup Plus Portable Drive 1TB - BLUE","RM253.00","SEA-BACKUP.1TB/BLUE",253,253,"Storage"
"132","MSI","""7158"";","https://www.senheng.com.my/msi-mechanical-gaming-keyboard-gk-701.html","MSI Mechanical Gaming Keyboard GK-701","RM508.00","MSI-GK701",508,508,"PC Accessories"
"133","Microsoft","""7158"";","https://www.senheng.com.my/microsoft-365-family-ms-6gq-00968.html","Microsoft 365 Family MS-6GQ-01144","RM304.00 368.00","MS-6GQ-01144",304,368,"Software"
"134","Microsoft","""7158"";","https://www.senheng.com.my/pre-order-microsoft-surface-go-type-cover-black.html","Microsoft Surface GO Type Cover Black MS-MIC-KCM-00015","RM420.00","MS-MIC-KCM-00015",420,420,"Laptops"
"135","Rapoo","""7158"";","https://www.senheng.com.my/rapoo-m10-plus-wireless-optical-mouse-red.html","Rapoo M10 Plus Wireless Optical Mouse (Red)","RM39.00","RAP-M10+/RED",39,39,"PC Accessories"
"136","Apple","""7158"";","https://www.senheng.com.my/usb-c-vga-multiport-adapter.html","USB-C VGA Multiport Adapter","RM349.00","APP-MJ1L2ZA/A",349,349,"PC Accessories"
"137","Microsoft","""7158"";","https://www.senheng.com.my/microsoft-surface-mobile-mouse-cfg.html","Microsoft Surface Mobile Mouse","RM187.00","MS-MIC-KGY-CFG",187,187,"Laptops"
"138","Acer","""7158"";","https://www.senheng.com.my/acer-nitro-5-laptop-an515-55-52z1-15-6-inch-i5-10300h-8gb-ddr4-512gb-pcie-ssd-nvidia-gtx-1650ti-4gb-gddr6.html","Acer Nitro 5 Laptop AN515-55-52Z1 15.6 Inch (i5-10300H/8GB DDR4/512GB PCIe SSD/Nvidia GTX 1650Ti 4GB GDDR6)","RM3,799.00","ACE-AN515-55-52Z1",3799,3799,"Laptops"
"139","ASUS","""7158"";","https://www.senheng.com.my/asus-zenbook13-13.3-inch-i5-1135g7-8g-on-bd-512g-asu-ux325e-aeg060ts.html","ASUS Zenbook13 13.3 Inch (I5-1135G7/8G[ON BD]/512G) ASU-UX325E-AEG060TS","RM3,999.00","ASU-UX325E-AEG060TS",3999,3999,"Laptops"
"140","ASUS","""7158"";","https://www.senheng.com.my/asus-laptop-a516-15-6-inch-intel-core-i3-1005g1-processor-1-2-ghz-4m-cache-up-to-3-4-ghz-4gb-on-board-pcieg3-2-nvme-256gb-m-2-ssd.html","ASUS Laptop A516 15.6 Inch (Intel® Core™ i3-1005G1 Processor 1.2 GHz (4M Cache, up to 3.4 GHz)/4GB on board/PCIEG3x2 NVME 256GB M.2 SSD)","RM2,049.00","ASU-A516J-ABR374TS",2049,2049,"Laptops"
"141","ASUS","""7158"";","https://www.senheng.com.my/asus-a516-15.6-inch-laptop-intel-celeron-n4020-processor-4gb-256gb.html","Asus A516 15.6 Inch Laptop (Intel Celeron N4020 Processor/4GB/256GB)","RM1,399.00","ASU-A516M-ABQ155T",1399,1399,"Laptops"
"142","TP-Link","""7158"";","https://www.senheng.com.my/tp-link-bluetooth-4-0-nano-usb-adapter-ub400.html","TP-Link Bluetooth 4.0 Nano USB Adapter UB400","RM24.00","TP-UB400",24,24,"PC Accessories"
"143","Logitech","""7158"";","https://www.senheng.com.my/logitech-wireless-mouse-m185.html","Logitech Wireless Mouse M185","RM 69.00","LGT-M185-CFG",69,69,"PC Accessories"
"144","Acer","""7158"";","https://www.senheng.com.my/acer-chromebook-cp311-2h.html","Acer Chromebook CP311-2H","RM1,499.00","ACE-CP311-2H-C27N",1499,1499,"Laptops"
"145","Acer","""7158"";","https://www.senheng.com.my/acer-swift-5-sf514-54t-70aa.html","Acer Swift 5 SF514-54T-70AA","RM4,699.00","ACE-SF514-54T-70AA",4699,4699,"Others"
"146","ASUS","""7158"";","https://www.senheng.com.my/asus-tuf-gaming-a15-r5-4600h-15.6-inch-8gbm-ddr4-3200-512g-pcie-nvme-ssd-gtx1650%20gddr6-4gb-asu-fa506i-hhn137t.html","ASUS TUF Gaming A15 R5-4600H 15.6 Inch (8GBM DDR4 3200/512G PCIE NVME SSD/GTX1650 GDDR6/4GB) ASU-FA506I-HHN137T","RM3,499.00","ASU-FA506I-HHN137T",3499,3499,"Others"
"147","TP-Link","""7158"";","https://www.senheng.com.my/tp-link-300mbps-wireless-n-adsl2-modem-router-td-w8961n.html","TP-Link 300Mbps Wireless N ADSL2+ Modem Router TD-W8961N","RM93.00","TP-TD-W8961N",93,93,"PC Accessories"
"148","HP","""7158"";","https://www.senheng.com.my/hp-680-tri-color-original-ink-advantage-cartridge.html","HP 680 Tri-color Original Ink Advantage Cartridge","RM40.00","HP-680-TRI-COLOR",40,40,"Printers"
"149","Acer","""7158"";","https://www.senheng.com.my/acer-aspire-3-15-6-inch-i5-1035g1-4gb-ram-512gb-ssd-ace-a315-57g-57l2.html","Acer Aspire 3 15.6 Inch (i5-1035G1/4GB RAM/512GB SSD) ACE-A315-57G-57L2","RM2,599.00","ACE-A315-57G-57L2",2599,2599,"Laptops"
"150","TP-Link","""7158"";","https://www.senheng.com.my/tp-link-8-port-10-100-1000mbps-desktop-network-switch-ls108g.html","TP-Link 8-Port 10/100/1000Mbps Desktop Network Switch LS108G","RM99.00","LS108G",99,99,"PC Accessories"
"151","Acer","""7158"";","https://www.senheng.com.my/acer-aspire-3-14-inch-laptop-ace-a314-22-r4jw-amd-athlon-silver-3050u-4gb-ddr4-256gb-pcie-nvme-ssd.html","Acer Aspire 3 14 Inch Laptop ACE-A314-22-R4JW (AMD Athlon Silver 3050u/4GB DDR4/256GB PCIe NVMe SSD)","RM1,799.00","ACE-A314-22-R4JW",1799,1799,"Laptops"
"152","Apple","""7158"";","https://www.senheng.com.my/apple-usb-c-digital-av-multiport-adapter.html","Apple USB-C Digital AV Multiport Adapter","RM349.00","APP-MUF82ZA/A",349,349,"PC Accessories"
"153","HP","""7158"";","https://www.senheng.com.my/hp-laptop-14s-fq0075au-14-inch-r3-4300u-4gb-512gb-ssd.html","HP Laptop 14s-fq0075AU 14-Inch (R3-4300U/4GB/512GB SSD)","RM2,169.00","HP-14SFQ0075AU",2169,2169,"Laptops"
"154","ASUS","""7158"";","https://www.senheng.com.my/asus-tuf-gaming-a17-fa706i-ih7079t-1-w10-laptop-17-3-inch-r7-4800h-8gb-512gb-gtx1650ti-4gb.html","ASUS TUF Gaming A17 FA706I-IH7079T-1-W10 Laptop 17.3 Inch (R7-4800H/8GB/512GB/GTX1650Ti 4GB)","RM4,299.00","ASU-FA706I-IH7079T",4299,4299,"Laptops"
"155","TP-Link","""7158"";","https://www.senheng.com.my/tp-link-ac1200-wi-fi-range-extender-re305.html","TP-Link AC1200 Wi-Fi Range Extender RE305","RM195.00","TP-RE305",195,195,"PC Accessories"
"156","SanDisk","""7158"";","https://www.senheng.com.my/sandisk-ixpand-mini-flash-drive-for-your-iphone.html","SanDisk iXpand Mini Flash Drive For Your iPhone","","SD-IX40N-CFG",NA,NA,"Storage"
"157","TP-Link","""7158"";","https://www.senheng.com.my/tp-link-ac600-high-power-wireless-dual-band-usb-adapter-archer-t2uhp.html","TP-Link AC600 High Power Wireless Dual Band USB Adapter Archer T2UHP","RM120.00","TP-ARCHERT2UHP",120,120,"PC Accessories"
"158","Acer","""7158"";","https://www.senheng.com.my/acer-swift-3x-14-inch-i7-1165g7-16gb-ram-512gb-ssd-sf314-510g-761j.html","Acer Swift 3x 14 Inch (i7-1165G7/16GB RAM/512GB SSD)SF314-510G-761J","RM4,599.00","ACE-SF314-510G-761J",4599,4599,"Others"
"159","MSI","""7158"";","https://www.senheng.com.my/msi-prestige-14-a10ras-087my-14-inch-16gb-512gb-i7-10510u-geforcer-mx330-with-2gb-gddr5.html","MSI Prestige 14 A10RAS-087 14 Inch (16GB/512GB/i7-10510U/Geforce® MX330 with 2GB GDDR5)","RM5,199.00","MSI-P14-A10RAS-087MY",5199,5199,"Laptops"
"160","ASUS",NA,"https://www.senheng.com.my/asus-rog-zephyrus-m15-laptop-15.6-inch-i7-10750h-16gb-1-tb-ssd-gtx1660ti-6g-win10-asu-gu502l-ua087t.html","ASUS ROG Zephyrus M15 LAPTOP 15.6 Inch (i7-10750H/16GB/1 TB SSD/GTX1660TI 6G/WIN10) ASU-GU502L-UAZ087T","RM6,999.00","sku_2",6999,6999,"Laptops"
"161","MSI","""7158"";","https://www.senheng.com.my/msi-clutch-gm10-black-gaming-mouse.html","MSI Clutch GM10 Black Gaming Mouse","RM113.00","MSI-GM10",113,113,"PC Accessories"
"162","TP-Link","""7158"";","https://www.senheng.com.my/tp-link-ac1200-wireless-mu-mimo-gigabit-router-archer-c6.html","TP-Link AC1200 Wireless MU-MIMO Gigabit Router Archer C6","RM179.00","TP-ARCHERC6",179,179,"PC Accessories"
"163","TP-Link","""7158"";","https://www.senheng.com.my/tp-link%20ax1800%20whole%20home%20mesh%20wi-fi%20system%20deco%20x20(3-pack).html","TP-Link AX1800 Whole Home Mesh Wi-Fi System Deco X20(3-pack)","RM1,159.00","TP-DECOX20.3PK",1159,1159,"PC Accessories"
"164","Huawei","""7158"";","https://www.senheng.com.my/huawei-wifi-ax3-quad-core.html","HUAWEI WiFi AX3 (Quad-Core)","RM299.00","HUA-WIFIAX3",299,299,"Others"
"165","Logitech","""7158"";","https://www.senheng.com.my/logitech-m377-bluetooth-mouse.html","Logitech M377 Bluetooth Mouse","RM 82.00","LGT-M337-CFG",82,82,"PC Accessories"
"166","TP-Link","""7158"";","https://www.senheng.com.my/tp-link-ax6000-next-gen-wi-fi-router-archer-ax6000.html","TP-Link AX6000 Wi-Fi 6 Next-Gen Router Archer AX6000","RM1,029.00","TP-ARCHERAX6000",1029,1029,"PC Accessories"
"167","Logitech","""7158"";","https://www.senheng.com.my/logitech-m171-wireless-mouse.html","Logitech M171 Wireless Mouse","RM 35.00","LGT-M171-CFG",35,35,"PC Accessories"
"168","ASUS","""7158"";","https://www.senheng.com.my/asus-a416-14-inch-laptop-intel-celeron-n4020-processor-4gb-256gb.html","Asus A416 14 Inch Laptop (Intel Celeron N4020 Processor/4GB/256GB)","RM1,399.00","ASU-A416M-AEB093T",1399,1399,"Laptops"
"169","Canon","""7158"";","https://www.senheng.com.my/canon-pixma-e470-multifunction-wireless-printer.html","Canon Pixma E470 Multifunction Wireless Printer","RM306.00","CNN-E470",306,306,"Printers"
"170","Huawei","""7158"";","https://www.senheng.com.my/huawei-13-9-inches-matebook-x-pro-11th-gen-hua-mbookxpro-i5.html","HUAWEI MateBook X Pro (11th Gen) - Emerald Green","RM6,899.00","PAC-MBOOKXPRO-I5-GF",6899,6899,"Laptops"
"171","HP","""7158"";","https://www.senheng.com.my/hp-pavilion-gaming-15-laptop-i7-1165g7-8gb-512gb-ssd-mx450-2gb-15-eg0109tx.html","HP Pavilion Gaming 15 Laptop (i7-1165G7/8GB/512GB SSD/MX450 2GB) 15-EG0109TX","RM3,999.00","HP-15EG0109TX",3999,3999,"Laptops"
"172","Logitech","""7158"";","https://www.senheng.com.my/logitech-mx-master-3.html","Logitech MX Master 3","RM449.00","LGT-MXMASTER-3",449,449,"Others"
"173","SanDisk","""7158"";","https://www.senheng.com.my/sandisk-ultra-usb-3.0-flash-drive.html","SanDisk Ultra USB 3.0 Flash Drive","RM 146.00","SD-DD3-CFG",146,146,"Storage"
"174","Apple","""7158"";","https://www.senheng.com.my/apple-magic-mouse-2-space-gray.html","Apple Magic Mouse 2 - Space Gray","RM379.00","APP-MRME2ZA/A",379,379,"PC Accessories"
"175","HP","""7158"";","https://www.senheng.com.my/hp-envy13-i7-1165g7-16gb-ddr4-512gb-ssd-mx450-2gb-13-ba1011tx.html","HP ENVY13 (i7-1165G7/16GB DDR4/512GB SSD/ MX450 2GB) 13-BA1011TX","RM5,499.00","HP-13BA1011TX",5499,5499,"Others"
"176","MSI","""7158"";","https://www.senheng.com.my/msi-gaming-shield-mousepad.html","MSI Gaming Shield Mousepad","RM70.00","MSI-SHIELD.MOSPAD",70,70,"PC Accessories"
"177","SanDisk","""7158"";","https://www.senheng.com.my/sandisk-ultra-flair-usb-3-0-flash-drive-32gb-sd-cz73-032g-g46.html","SanDisk Ultra Flair USB 3.0 Flash Drive 32GB SD-CZ73-032G-G46","RM31.00","SD-CZ73-032G-G46",31,31,"Storage"
"178","Microsoft","""7158"";","https://www.senheng.com.my/microsoft-office-home-and-business-2019-1-pc-mac-t5d-03249.html","Microsoft Office Home and Business 2019 - 1 PC/MAC (MS-T5D-03302)","RM1,289.00 1,421.00","MS-T5D-03302",1289,1421,"Software"
"179","Rapoo","""7158"";","https://www.senheng.com.my/rapoo-7100p-wireless-optical-mouse-black.html","Rapoo 7100P Wireless Optical Mouse (Black)","RM92.00","RAP-7100P/BLK",92,92,"PC Accessories"
"180","Canon","""7158"";","https://www.senheng.com.my/canon-pixma-all-in-one-printer-cnn-e410.html","Canon PIXMA All-in-One Printer CNN-E410","RM238.00","CNN-E410",238,238,"Printers"
"181","Samsung","""7158"";","https://www.senheng.com.my/samsung-32gb-evo-plus-microsd-card-with-sd-adapter-sam-mb-mc32ga-apc.html","Samsung 32GB EVO Plus microSD Card with SD Adapter SAM-MB-MC32GA/APC","RM39.00","SAM-MB-MC32GA/APC",39,39,"PC Accessories"
"182","MSI","""7158"";","https://www.senheng.com.my/msi-gaming-mouse-pad-xl.html","MSI Gaming Mouse Pad XL","RM136.00","MSI-GAMING.XL",136,136,"PC Accessories"
"183","SanDisk","""7158"";","https://www.senheng.com.my/sandisk-ultra-dual-drive-usb-type-c-64gb-sd-ddc2-064g.html","SanDisk Ultra Dual Drive USB Type-C 64GB SD-DDC2-064G","RM70.00","SD-DDC2-064G",70,70,"Storage"
"184","Canon","""7158"";","https://www.senheng.com.my/canon-laser-shot-cnn-lbp6030.html","Canon Laser Shot CNN-LBP6030","RM320.00","CNN-LBP6030",320,320,"Others"
"185","Rapoo","""7158"";","https://www.senheng.com.my/rapoo-wireless-7100p-wireless-optical-mouse-red.html","Rapoo Wireless 7100P Wireless Optical Mouse (Red)","RM92.00","RAP-7100P/RED",92,92,"PC Accessories"
"186","Microsoft","""7158"";","https://www.senheng.com.my/microsoft-modern-keyboard-with-fingerprint-id-ms-mic-ws2-00014.html","Microsoft Modern Keyboard with Fingerprint ID MS-MIC-WS2-00014","RM475.00","MS-MIC-WS2-00014",475,475,"PC Accessories"
"187","Seagate","""7158"";","https://www.senheng.com.my/seagate-backup-plus-portable-drive-2tb-blue.html","Seagate Backup Plus Portable Drive 2TB - BLUE","RM362.00","SEA-BACKUP.2TB/BLUE",362,362,"Storage"
"188","MSI","""7158"";","https://www.senheng.com.my/msi-gaming-keyboard-vigor-gk40.html","MSI Gaming Keyboard VIGOR GK40","RM285.00","MSI-GK40",285,285,"PC Accessories"
"189","Microsoft","""7158"";","https://www.senheng.com.my/microsoft-office-home-and-student-2019-1-pc-mac-79g-05066.html","Microsoft Office Home and Student 2019 - 1 PC/MAC (79G-05143)","RM476.00 552.00","MS-79G-05143",476,552,"Software"
"190","Microsoft","""7158"";","https://www.senheng.com.my/microsoft-surface-mouse-silver-ms-mic-ws3-00005.html","Microsoft Surface Mouse (Silver) MS-MIC-WS3-00005","RM241.00","MS-MIC-WS3-00005",241,241,"Laptops"
"191","Seagate","""7158"";","https://www.senheng.com.my/seagate-backup-plus-slim-portable-drive-1tb-black-sea-backup-1tb-blk.html","Seagate Backup Plus Slim Portable Drive 1TB (Black) SEA-BACKUP.1TB/BLK","RM253.00","SEA-BACKUP.1TB/BLK",253,253,"Storage"
"192","MSI","""7158"";","https://www.senheng.com.my/msi-gaming-keyboard-interceptor-ds4100.html","MSI Gaming Keyboard Interceptor DS4100","RM150.00","MSI-DS4100",150,150,"PC Accessories"
"193","SanDisk","""7158"";","https://www.senheng.com.my/sandisk-ultra-dual-drive-usb-type-c-32gb-sd-ddc2-032g.html","SanDisk Ultra Dual Drive USB Type-C 32GB SD-DDC2-032G","RM46.00","SD-DDC2-032G",46,46,"Storage"
"194","Canon","""7158"";","https://www.senheng.com.my/canon-pixma-printer-cnn-e510.html","Canon PIXMA Printer CNN-E510","RM294.00","CNN-E510",294,294,"Printers"
"195","SanDisk","""7158"";","https://www.senheng.com.my/sandisk-32gb-ultra-fittm-usb-3-1-flash-drive-sdcz430-032g-g46.html","SanDisk 32GB Ultra Fit™ USB 3.1 Flash Drive SDCZ430-032G-G46","RM31.00","SD-CZ430-032G-G46",31,31,"Storage"
"196","Rapoo","""7158"";","https://www.senheng.com.my/rapoo-m10-plus-wireless-optical-mouse-white.html","Rapoo M10 Plus Wireless Optical Mouse (White)","RM39.00","RAP-M10+/WHITE",39,39,"PC Accessories"
"197","Rapoo","""7158"";","https://www.senheng.com.my/rapoo-3920p-5g-wireless-laser-mouse.html","Rapoo 3920P 5G Wireless Laser Mouse","RM131.00","RAP-3920P",131,131,"PC Accessories"
"198","Samsung","""7158"";","https://www.senheng.com.my/samsung-64gb-evo-plus-microsd-card-with-sd-adapter-sam-mb-mc64ga-apc.html","Samsung 64GB EVO Plus microSD Card with SD Adapter SAM-MB-MC64GA/APC","RM59.00","SAM-MB-MC64GA/APC",59,59,"PC Accessories"
